time,close,100-SR3U2026 · CME: close,100-SR3Z2026 · CME: close,100-SR3M2027 · CME: close,100-SR3M2026 · CME: close,100-SR3N2026 · CME: close,100-SR3Q2026 · CME: close,100-SR3V2026 · CME: close,100-SR3U2027 · CME: close,100-SR3X2026 · CME: close
2025-04-14,3.319999999999993,3.2549999999999955,3.269999999999996,3.3900000000000006,3.2750000000000057,,,,3.4599999999999937,
2025-04-15,3.2950000000000017,3.2349999999999994,3.25,3.3599999999999994,3.2650000000000006,,,,3.430000000000007,
2025-04-16,3.2249999999999943,3.1650000000000063,3.180000000000007,3.2900000000000063,3.200000000000003,,,,3.355000000000004,
2025-04-17,3.2249999999999943,3.155000000000001,3.174999999999997,3.2950000000000017,3.1899999999999977,,,,3.364999999999995,
2025-04-21,3.180000000000007,3.075000000000003,3.1099999999999994,3.269999999999996,3.0999999999999943,,,,3.355000000000004,
2025-04-22,3.2349999999999994,3.155000000000001,3.180000000000007,3.3100000000000023,3.1850000000000023,,,,3.385000000000005,
2025-04-23,3.319999999999993,3.25,3.269999999999996,3.385000000000005,3.2750000000000057,,,,3.444999999999993,
2025-04-24,3.230000000000004,3.1599999999999966,3.180000000000007,3.2950000000000017,3.194999999999993,,,,3.3599999999999994,
2025-04-25,3.1899999999999977,3.125,3.144999999999996,3.25,3.1599999999999966,,,,3.3149999999999977,
2025-04-28,3.0900000000000034,3.0150000000000006,3.0349999999999966,3.1599999999999966,3.0600000000000023,,,,3.2349999999999994,
2025-04-29,3.0450000000000017,2.9749999999999943,2.9950000000000045,3.1200000000000045,3.0150000000000006,,,,3.194999999999993,
2025-04-30,3.010000000000005,2.9399999999999977,2.9599999999999937,3.0799999999999983,2.9749999999999943,,,,3.155000000000001,
2025-05-01,3.0900000000000034,3.0450000000000017,3.055000000000007,3.1500000000000057,3.0849999999999937,,,,3.2150000000000034,
2025-05-02,3.2349999999999994,3.2049999999999983,3.2049999999999983,3.2849999999999966,3.2549999999999955,,,,3.344999999999999,
2025-05-05,3.219999999999999,3.1899999999999977,3.1899999999999977,3.2750000000000057,3.25,,,,3.3400000000000034,
2025-05-06,3.1599999999999966,3.125,3.125,3.219999999999999,3.1850000000000023,,,,3.2849999999999966,
2025-05-07,3.144999999999996,3.114999999999995,3.1099999999999994,3.2049999999999983,3.180000000000007,,,,3.2650000000000006,
2025-05-08,3.305000000000007,3.2750000000000057,3.269999999999996,3.3599999999999994,3.3400000000000034,,,,3.4200000000000017,
2025-05-09,3.2950000000000017,3.260000000000005,3.2549999999999955,3.355000000000004,3.3299999999999983,,,,3.4150000000000063,
2025-05-12,3.4599999999999937,3.4350000000000023,3.430000000000007,3.510000000000005,3.489999999999995,,,,3.5649999999999977,
2025-05-13,3.4749999999999943,3.450000000000003,3.444999999999993,3.5250000000000057,3.510000000000005,,,,3.5799999999999983,
2025-05-14,3.510000000000005,3.5,3.4849999999999994,3.5600000000000023,3.5649999999999977,,,,3.614999999999995,
2025-05-15,3.405000000000001,3.3900000000000006,3.375,3.4599999999999937,3.4599999999999937,,,,3.5150000000000006,
2025-05-16,3.3900000000000006,3.4000000000000057,3.3700000000000045,3.4399999999999977,3.4849999999999994,,,,3.4950000000000045,
2025-05-19,3.3799999999999955,3.385000000000005,3.3599999999999994,3.430000000000007,3.4650000000000034,,,,3.489999999999995,
2025-05-20,3.355000000000004,3.3599999999999994,3.3349999999999937,3.405000000000001,3.4399999999999977,,,,3.4650000000000034,
2025-05-21,3.4200000000000017,3.4150000000000063,3.394999999999996,3.480000000000004,3.489999999999995,,,,3.549999999999997,
2025-05-22,3.3799999999999955,3.394999999999996,3.364999999999995,3.4350000000000023,3.480000000000004,,,,3.5049999999999955,
2025-05-23,3.3299999999999983,3.355000000000004,3.3149999999999977,3.3900000000000006,3.4549999999999983,,,,3.4599999999999937,
2025-05-27,3.2650000000000006,3.3149999999999977,3.260000000000005,3.3149999999999977,3.4350000000000023,,,,3.3799999999999955,
2025-05-28,3.319999999999993,3.3700000000000045,3.3149999999999977,3.364999999999995,3.4849999999999994,,,,3.424999999999997,
2025-05-29,3.260000000000005,3.3100000000000023,3.260000000000005,3.305000000000007,3.4200000000000017,,,,3.3700000000000045,
2025-05-30,3.2450000000000045,3.2900000000000063,3.239999999999995,3.2900000000000063,3.4000000000000057,,,,3.3499999999999943,
2025-06-02,3.2900000000000063,3.3299999999999983,3.2849999999999966,3.3349999999999937,3.4350000000000023,,,,3.394999999999996,
2025-06-03,3.3149999999999977,3.364999999999995,3.3149999999999977,3.355000000000004,3.469999999999999,,,,3.4150000000000063,
2025-06-04,3.2249999999999943,3.269999999999996,3.2249999999999943,3.269999999999996,3.375,,,,3.3299999999999983,
2025-06-05,3.2900000000000063,3.325000000000003,3.2849999999999966,3.3349999999999937,3.4200000000000017,,,,3.394999999999996,
2025-06-06,3.444999999999993,3.4749999999999943,3.4350000000000023,3.4849999999999994,3.5649999999999977,,,,3.5400000000000063,
2025-06-09,3.385000000000005,3.4200000000000017,3.375,3.4350000000000023,3.519999999999996,,,,3.4950000000000045,
2025-06-10,3.394999999999996,3.4350000000000023,3.3900000000000006,3.4350000000000023,3.5349999999999966,,,,3.4950000000000045,
2025-06-11,3.319999999999993,3.3599999999999994,3.3149999999999977,3.3599999999999994,3.4599999999999937,,,,3.4200000000000017,
2025-06-12,3.2650000000000006,3.305000000000007,3.260000000000005,3.3100000000000023,3.4099999999999966,,,,3.3700000000000045,
2025-06-13,3.325000000000003,3.3599999999999994,3.319999999999993,3.3700000000000045,3.4650000000000034,,,,3.424999999999997,
2025-06-16,3.325000000000003,3.364999999999995,3.319999999999993,3.3700000000000045,3.480000000000004,,,,3.430000000000007,
2025-06-17,3.280000000000001,3.3400000000000034,3.280000000000001,3.319999999999993,3.469999999999999,,,,3.375,
2025-06-18,3.280000000000001,3.3349999999999937,3.280000000000001,3.319999999999993,3.4650000000000034,,,,3.375,
2025-06-20,3.2450000000000045,3.2900000000000063,3.239999999999995,3.2849999999999966,3.4200000000000017,,,,3.3400000000000034,
2025-06-23,3.1500000000000057,3.194999999999993,3.144999999999996,3.1899999999999977,3.319999999999993,,,,3.25,
2025-06-24,3.1200000000000045,3.1599999999999966,3.114999999999995,3.1599999999999966,3.2849999999999966,,,,3.219999999999999,
2025-06-25,3.1200000000000045,3.155000000000001,3.114999999999995,3.1599999999999966,3.2750000000000057,,,,3.2150000000000034,
2025-06-26,3.0450000000000017,3.075000000000003,3.0349999999999966,3.094999999999999,3.194999999999993,,,,3.155000000000001,
2025-06-27,3.075000000000003,3.0999999999999943,3.0649999999999977,3.125,3.2150000000000034,,,,3.1850000000000023,
2025-06-30,3.0450000000000017,3.0649999999999977,3.030000000000001,3.094999999999999,3.180000000000007,,,,3.155000000000001,
2025-07-01,3.1099999999999994,3.135000000000005,3.0999999999999943,3.155000000000001,3.25,,,,3.2150000000000034,
2025-07-02,3.1299999999999955,3.1500000000000057,3.114999999999995,3.180000000000007,3.260000000000005,,,,3.2450000000000045,
2025-07-03,3.1850000000000023,3.2349999999999994,3.180000000000007,3.2249999999999943,3.364999999999995,,,,3.2849999999999966,
2025-07-07,3.200000000000003,3.2450000000000045,3.194999999999993,3.2450000000000045,3.375,,,,3.305000000000007,
2025-07-08,3.2249999999999943,3.269999999999996,3.219999999999999,3.269999999999996,3.4000000000000057,,,,3.3299999999999983,
2025-07-09,3.174999999999997,3.219999999999999,3.1700000000000017,3.2150000000000034,3.3499999999999943,,,,3.269999999999996,
2025-07-10,3.194999999999993,3.2349999999999994,3.1899999999999977,3.230000000000004,3.3599999999999994,,,,3.2849999999999966,
2025-07-11,3.2349999999999994,3.2900000000000063,3.2349999999999994,3.2750000000000057,3.4150000000000063,,,,3.3299999999999983,
2025-07-14,3.230000000000004,3.2750000000000057,3.2249999999999943,3.269999999999996,3.4000000000000057,,,,3.325000000000003,
2025-07-15,3.2900000000000063,3.344999999999999,3.2900000000000063,3.3299999999999983,3.4749999999999943,,,,3.385000000000005,
2025-07-16,3.194999999999993,3.2450000000000045,3.1899999999999977,3.239999999999995,3.385000000000005,,,,3.299999999999997,
2025-07-17,3.2349999999999994,3.2950000000000017,3.2349999999999994,3.269999999999996,3.4399999999999977,,,,3.325000000000003,
2025-07-18,3.1850000000000023,3.2549999999999955,3.1899999999999977,3.219999999999999,3.405000000000001,,,,3.280000000000001,
2025-07-21,3.135000000000005,3.219999999999999,3.144999999999996,3.1650000000000063,3.3799999999999955,,,,3.219999999999999,
2025-07-22,3.0999999999999943,3.1899999999999977,3.114999999999995,3.1299999999999955,3.355000000000004,,,,3.1850000000000023,
2025-07-23,3.174999999999997,3.2650000000000006,3.1899999999999977,3.200000000000003,3.4200000000000017,,,,3.2549999999999955,
2025-07-24,3.230000000000004,3.325000000000003,3.25,3.2549999999999955,3.480000000000004,,,,3.299999999999997,
2025-07-25,3.219999999999999,3.325000000000003,3.2450000000000045,3.239999999999995,3.480000000000004,,,,3.2849999999999966,
2025-07-28,3.239999999999995,3.344999999999999,3.2650000000000006,3.260000000000005,3.4950000000000045,,,,3.305000000000007,
2025-07-29,3.1700000000000017,3.2849999999999966,3.200000000000003,3.1850000000000023,3.444999999999993,,,,3.230000000000004,
2025-07-30,3.230000000000004,3.3599999999999994,3.2650000000000006,3.239999999999995,3.530000000000001,,,,3.280000000000001,
2025-07-31,3.230000000000004,3.385000000000005,3.2750000000000057,3.2349999999999994,3.569999999999993,,,,3.2750000000000057,
2025-08-01,3.0250000000000057,3.114999999999995,3.0400000000000063,3.055000000000007,3.269999999999996,,,,3.1099999999999994,
2025-08-04,3.010000000000005,3.0900000000000034,3.019999999999996,3.0400000000000063,3.2450000000000045,,,,3.0900000000000034,
2025-08-05,3.030000000000001,3.125,3.049999999999997,3.049999999999997,3.2849999999999966,,,,3.0999999999999943,
2025-08-06,3.0250000000000057,3.105000000000004,3.0349999999999966,3.049999999999997,3.2549999999999955,,,,3.0999999999999943,
2025-08-07,3.069999999999993,3.155000000000001,3.0849999999999937,3.0900000000000034,3.299999999999997,,,,3.135000000000005,
2025-08-08,3.1099999999999994,3.1899999999999977,3.125,3.135000000000005,3.3349999999999937,,,,3.180000000000007,
2025-08-11,3.105000000000004,3.1850000000000023,3.1200000000000045,3.125,3.3299999999999983,,,,3.174999999999997,
2025-08-12,3.0849999999999937,3.155000000000001,3.094999999999999,3.1099999999999994,3.2950000000000017,,,,3.1650000000000063,
2025-08-13,3.0349999999999966,3.1099999999999994,3.049999999999997,3.055000000000007,3.25,,,,3.105000000000004,
2025-08-14,3.0799999999999983,3.1650000000000063,3.094999999999999,3.0999999999999943,3.3149999999999977,,,,3.1500000000000057,
2025-08-15,3.0999999999999943,3.194999999999993,3.1200000000000045,3.1200000000000045,3.355000000000004,,,,3.1700000000000017,
2025-08-18,3.1099999999999994,3.2150000000000034,3.135000000000005,3.1299999999999955,3.3700000000000045,,,,3.180000000000007,
2025-08-19,3.0999999999999943,3.200000000000003,3.125,3.1099999999999994,3.3499999999999943,,,,3.155000000000001,
2025-08-20,3.0799999999999983,3.174999999999997,3.0999999999999943,3.094999999999999,3.3299999999999983,,,,3.1400000000000006,
2025-08-21,3.1099999999999994,3.219999999999999,3.135000000000005,3.125,3.385000000000005,,,,3.1700000000000017,
2025-08-22,3,3.105000000000004,3.0250000000000057,3.019999999999996,3.2650000000000006,,,,3.069999999999993,
2025-08-25,3.0450000000000017,3.1500000000000057,3.069999999999993,3.055000000000007,3.3149999999999977,,,,3.0999999999999943,
2025-08-26,2.9749999999999943,3.069999999999993,2.9950000000000045,2.9950000000000045,3.2450000000000045,,,,3.0400000000000063,
2025-08-27,2.950000000000003,3.049999999999997,2.969999999999999,2.9650000000000034,3.2249999999999943,,,,3.010000000000005,
2025-08-28,2.9549999999999983,3.075000000000003,2.9849999999999994,2.9650000000000034,3.2549999999999955,,,,3.0049999999999955,
2025-08-29,2.944999999999993,3.0649999999999977,2.9749999999999943,2.9599999999999937,3.2450000000000045,,,,3,
2025-09-02,3,3.114999999999995,3.030000000000001,3.010000000000005,3.2849999999999966,,,,3.049999999999997,
2025-09-03,2.9599999999999937,3.069999999999993,2.989999999999995,2.969999999999999,3.239999999999995,,,,3.010000000000005,
2025-09-04,2.930000000000007,3.0450000000000017,2.9599999999999937,2.9350000000000023,3.219999999999999,,,,2.969999999999999,
2025-09-05,2.8700000000000045,2.9599999999999937,2.894999999999996,2.885000000000005,3.114999999999995,,,,2.924999999999997,
2025-09-08,2.8400000000000034,2.9350000000000023,2.864999999999995,2.855000000000004,3.094999999999999,,,,2.9000000000000057,
2025-09-09,2.885000000000005,3,2.9150000000000063,2.894999999999996,3.1700000000000017,,,,2.930000000000007,
2025-09-10,2.875,2.9849999999999994,2.905000000000001,2.885000000000005,3.155000000000001,,,,2.9200000000000017,
2025-09-11,2.894999999999996,2.9950000000000045,2.9200000000000017,2.9000000000000057,3.144999999999996,,,,2.9350000000000023,
2025-09-12,2.930000000000007,3.0250000000000057,2.9549999999999983,2.9399999999999977,3.174999999999997,,,,2.980000000000004,
2025-09-15,2.9150000000000063,3,2.9350000000000023,2.924999999999997,3.155000000000001,,,,2.9599999999999937,
2025-09-16,2.8799999999999955,2.9650000000000034,2.894999999999996,2.894999999999996,3.125,,,,2.930000000000007,
2025-09-17,2.950000000000003,3.019999999999996,2.9599999999999937,2.969999999999999,3.1650000000000063,,,,3.010000000000005,
2025-09-18,2.9849999999999994,3.049999999999997,2.9950000000000045,3.0049999999999955,3.1850000000000023,,,,3.0450000000000017,
2025-09-19,3,3.069999999999993,3.010000000000005,3.019999999999996,3.2099999999999937,,,,3.0600000000000023,
2025-09-22,3.019999999999996,3.0999999999999943,3.0349999999999966,3.0349999999999966,3.239999999999995,,,,3.075000000000003,
2025-09-23,3.0049999999999955,3.0900000000000034,3.0250000000000057,3.019999999999996,3.2349999999999994,,,,3.055000000000007,
2025-09-24,3.0400000000000063,3.125,3.055000000000007,3.055000000000007,3.2650000000000006,,,,3.0900000000000034,
2025-09-25,3.1200000000000045,3.2150000000000034,3.1400000000000006,3.135000000000005,3.3599999999999994,,,,3.1650000000000063,
2025-09-26,3.1200000000000045,3.194999999999993,3.1299999999999955,3.135000000000005,3.3349999999999937,,,,3.174999999999997,
2025-09-29,3.1099999999999994,3.180000000000007,3.1200000000000045,3.1299999999999955,3.3149999999999977,,,,3.1650000000000063,
2025-09-30,3.0849999999999937,3.1500000000000057,3.094999999999999,3.0999999999999943,3.2849999999999966,,,,3.135000000000005,
2025-10-01,3.0250000000000057,3.0849999999999937,3.030000000000001,3.0450000000000017,3.219999999999999,,,,3.0799999999999983,
2025-10-02,3.0250000000000057,3.0799999999999983,3.030000000000001,3.0450000000000017,3.2150000000000034,,,,3.0849999999999937,
2025-10-03,3.0450000000000017,3.105000000000004,3.049999999999997,3.069999999999993,3.2450000000000045,,,,3.1099999999999994,
2025-10-06,3.0799999999999983,3.135000000000005,3.0799999999999983,3.105000000000004,3.269999999999996,,,,3.1500000000000057,
2025-10-07,3.049999999999997,3.114999999999995,3.055000000000007,3.075000000000003,3.260000000000005,,,,3.1200000000000045,
2025-10-08,3.075000000000003,3.135000000000005,3.075000000000003,3.0999999999999943,3.280000000000001,,,,3.1400000000000006,
2025-10-09,3.0849999999999937,3.144999999999996,3.0849999999999937,3.114999999999995,3.2849999999999966,,,,3.155000000000001,
2025-10-10,2.989999999999995,3.049999999999997,2.9950000000000045,3.0150000000000006,3.194999999999993,,,,3.055000000000007,
2025-10-13,2.9650000000000034,3.019999999999996,2.9650000000000034,2.989999999999995,3.1650000000000063,,,,3.030000000000001,
2025-10-14,2.950000000000003,3.010000000000005,2.950000000000003,2.9749999999999943,3.1599999999999966,,,,3.0150000000000006,
2025-10-15,2.9749999999999943,3.0349999999999966,2.980000000000004,2.9950000000000045,3.174999999999997,,,,3.0349999999999966,
2025-10-16,2.8900000000000006,2.944999999999993,2.8900000000000006,2.9150000000000063,3.0849999999999937,,,,2.9549999999999983,
2025-10-17,2.9350000000000023,2.980000000000004,2.930000000000007,2.9599999999999937,3.125,,,,3,
2025-10-20,2.9350000000000023,2.989999999999995,2.9350000000000023,2.9599999999999937,3.1299999999999955,,,,2.9950000000000045,
2025-10-21,2.9150000000000063,2.980000000000004,2.9200000000000017,2.9350000000000023,3.125,,,,2.969999999999999,
2025-10-22,2.905000000000001,2.969999999999999,2.9099999999999966,2.924999999999997,3.1200000000000045,,,,2.9650000000000034,
2025-10-23,2.9599999999999937,3.0250000000000057,2.9650000000000034,2.9849999999999994,3.174999999999997,,,,3.0250000000000057,
2025-10-24,2.9749999999999943,3.0349999999999966,2.9749999999999943,3,3.180000000000007,,,,3.0400000000000063,
2025-10-27,2.989999999999995,3.0600000000000023,2.9950000000000045,3.0150000000000006,3.2049999999999983,,,,3.055000000000007,
2025-10-28,2.9950000000000045,3.0649999999999977,3,3.0150000000000006,3.2099999999999937,,,,3.049999999999997,
2025-10-29,3.069999999999993,3.1599999999999966,3.0849999999999937,3.0849999999999937,3.319999999999993,,,,3.1200000000000045,
2025-10-30,3.1099999999999994,3.194999999999993,3.125,3.125,3.355000000000004,,,,3.155000000000001,
2025-10-31,3.105000000000004,3.194999999999993,3.1200000000000045,3.1200000000000045,3.3599999999999994,,,,3.1500000000000057,
2025-11-03,3.114999999999995,3.194999999999993,3.125,3.1299999999999955,3.355000000000004,,,,3.1599999999999966,
2025-11-04,3.0999999999999943,3.180000000000007,3.1099999999999994,3.114999999999995,3.3349999999999937,,,,3.144999999999996,
2025-11-05,3.1599999999999966,3.239999999999995,3.1700000000000017,3.180000000000007,3.3900000000000006,,,,3.2099999999999937,
2025-11-06,3.0799999999999983,3.1650000000000063,3.0900000000000034,3.0999999999999943,3.319999999999993,,,,3.1299999999999955,
2025-11-07,3.075000000000003,3.1599999999999966,3.0900000000000034,3.0900000000000034,3.3100000000000023,,,,3.1200000000000045,
2025-11-10,3.114999999999995,3.200000000000003,3.1299999999999955,3.1299999999999955,3.3499999999999943,,,,3.1599999999999966,
2025-11-11,3.0649999999999977,3.1500000000000057,3.0799999999999983,3.0799999999999983,3.305000000000007,,,,3.1099999999999994,
2025-11-12,3.0849999999999937,3.1700000000000017,3.0999999999999943,3.0999999999999943,3.325000000000003,,,,3.125,
2025-11-13,3.105000000000004,3.1899999999999977,3.1200000000000045,3.114999999999995,3.3499999999999943,,,,3.144999999999996,
2025-11-14,3.1200000000000045,3.2150000000000034,3.1400000000000006,3.135000000000005,3.375,,,,3.1650000000000063,
2025-11-17,3.105000000000004,3.2049999999999983,3.125,3.1200000000000045,3.375,,,,3.1500000000000057,
2025-11-18,3.075000000000003,3.1700000000000017,3.094999999999999,3.0849999999999937,3.3400000000000034,,,,3.114999999999995,
2025-11-19,3.0849999999999937,3.1899999999999977,3.1099999999999994,3.094999999999999,3.364999999999995,,,,3.125,
2025-11-20,3.0400000000000063,3.144999999999996,3.0649999999999977,3.049999999999997,3.319999999999993,,,,3.0799999999999983,
2025-11-21,2.9950000000000045,3.105000000000004,3.019999999999996,3.0049999999999955,3.2849999999999966,,,,3.0349999999999966,
2025-11-24,3,3.114999999999995,3.030000000000001,3.0049999999999955,3.2900000000000063,,,,3.030000000000001,
2025-11-25,2.9599999999999937,3.0849999999999937,2.989999999999995,2.9650000000000034,3.269999999999996,,,,2.989999999999995,
2025-11-26,2.989999999999995,3.1099999999999994,3.019999999999996,2.9950000000000045,3.2900000000000063,,,,3.0150000000000006,
2025-11-28,3.0150000000000006,3.1299999999999955,3.0450000000000017,3.019999999999996,3.305000000000007,,,,3.0450000000000017,
2025-12-01,3.075000000000003,3.174999999999997,3.094999999999999,3.0849999999999937,3.344999999999999,,,,3.1099999999999994,
2025-12-02,3.055000000000007,3.155000000000001,3.075000000000003,3.0649999999999977,3.319999999999993,,,,3.094999999999999,
2025-12-03,3.030000000000001,3.1299999999999955,3.049999999999997,3.0400000000000063,3.2950000000000017,,,,3.069999999999993,
2025-12-04,3.0849999999999937,3.174999999999997,3.0999999999999943,3.0999999999999943,3.3299999999999983,,,,3.1299999999999955,
2025-12-05,3.1400000000000006,3.2150000000000034,3.1500000000000057,3.155000000000001,3.3599999999999994,,,,3.1850000000000023,
2025-12-08,3.180000000000007,3.239999999999995,3.1850000000000023,3.194999999999993,3.375,,,,3.2249999999999943,
2025-12-09,3.2249999999999943,3.2750000000000057,3.2249999999999943,3.2450000000000045,3.4099999999999966,,,,3.2750000000000057,
2025-12-10,3.200000000000003,3.230000000000004,3.1899999999999977,3.2249999999999943,3.364999999999995,,,,3.260000000000005,
2025-12-11,3.1500000000000057,3.194999999999993,3.1500000000000057,3.1700000000000017,3.3349999999999937,,,,3.2049999999999983,
2025-12-12,3.1650000000000063,3.1899999999999977,3.155000000000001,3.194999999999993,3.325000000000003,,,,3.2349999999999994,
2025-12-15,3.1299999999999955,3.1700000000000017,3.125,3.1599999999999966,3.3149999999999977,,,,3.2049999999999983,
2025-12-16,3.094999999999999,3.1500000000000057,3.094999999999999,3.1200000000000045,3.305000000000007,,,,3.1599999999999966,
2025-12-17,3.0999999999999943,3.144999999999996,3.094999999999999,3.1299999999999955,3.299999999999997,,,,3.174999999999997,
2025-12-18,3.069999999999993,3.125,3.069999999999993,3.094999999999999,3.280000000000001,,,,3.135000000000005,
2025-12-19,3.094999999999999,3.1400000000000006,3.0900000000000034,3.1299999999999955,3.2950000000000017,,,,3.174999999999997,
2025-12-22,3.135000000000005,3.1650000000000063,3.1200000000000045,3.1700000000000017,3.3100000000000023,,,,3.219999999999999,
2025-12-23,3.1700000000000017,3.2049999999999983,3.1599999999999966,3.200000000000003,3.344999999999999,,,,3.2450000000000045,
2025-12-24,3.1500000000000057,3.1850000000000023,3.1400000000000006,3.1850000000000023,3.3299999999999983,,,,3.230000000000004,
2025-12-26,3.1200000000000045,3.155000000000001,3.1099999999999994,3.1500000000000057,3.305000000000007,,,,3.194999999999993,
2025-12-29,3.0900000000000034,3.135000000000005,3.0849999999999937,3.125,3.2950000000000017,,,,3.1700000000000017,
2025-12-30,3.0900000000000034,3.135000000000005,3.0849999999999937,3.1200000000000045,3.2900000000000063,,,,3.1650000000000063,
2025-12-31,3.114999999999995,3.155000000000001,3.1099999999999994,3.144999999999996,3.3100000000000023,,,,3.194999999999993,
2026-01-02,3.125,3.1599999999999966,3.114999999999995,3.1599999999999966,3.3100000000000023,,,,3.2150000000000034,
2026-01-05,3.0999999999999943,3.144999999999996,3.094999999999999,3.135000000000005,3.299999999999997,,,,3.1850000000000023,
2026-01-06,3.1200000000000045,3.174999999999997,3.1200000000000045,3.1500000000000057,3.3299999999999983,,,,3.200000000000003,
2026-01-07,3.1099999999999994,3.1700000000000017,3.1099999999999994,3.135000000000005,3.3299999999999983,,,,3.180000000000007,
2026-01-08,3.135000000000005,3.1899999999999977,3.1299999999999955,3.1650000000000063,3.3499999999999943,,,,3.2150000000000034,
2026-01-09,3.1850000000000023,3.2450000000000045,3.1850000000000023,3.2150000000000034,3.405000000000001,,,,3.260000000000005,
2026-01-12,3.1899999999999977,3.260000000000005,3.1899999999999977,3.219999999999999,3.430000000000007,,,,3.269999999999996,
2026-01-13,3.1650000000000063,3.2450000000000045,3.1700000000000017,3.1899999999999977,3.4150000000000063,,,,3.2349999999999994,
2026-01-14,3.144999999999996,3.230000000000004,3.155000000000001,3.1700000000000017,3.405000000000001,,,,3.2099999999999937,
2026-01-15,3.219999999999999,3.2900000000000063,3.2249999999999943,3.2450000000000045,3.4549999999999983,3.4099999999999966,,,3.2849999999999966,
2026-01-16,3.269999999999996,3.325000000000003,3.2650000000000006,3.299999999999997,3.4749999999999943,3.430000000000007,,,3.3400000000000034,
2026-01-20,3.260000000000005,3.305000000000007,3.25,3.2950000000000017,3.4599999999999937,3.4150000000000063,,,3.3400000000000034,
2026-01-21,3.269999999999996,3.319999999999993,3.2650000000000006,3.299999999999997,3.4749999999999943,3.424999999999997,,,3.344999999999999,
2026-01-22,3.2950000000000017,3.3349999999999937,3.2849999999999966,3.325000000000003,3.4849999999999994,3.4350000000000023,,,3.364999999999995,
2026-01-23,3.2750000000000057,3.319999999999993,3.2650000000000006,3.3100000000000023,3.4749999999999943,3.424999999999997,,,3.355000000000004,
2026-01-26,3.260000000000005,3.3100000000000023,3.25,3.2950000000000017,3.469999999999999,3.4150000000000063,,,3.3400000000000034,
2026-01-27,3.230000000000004,3.280000000000001,3.219999999999999,3.2650000000000006,3.450000000000003,3.3900000000000006,,,3.3100000000000023,
2026-01-28,3.25,3.299999999999997,3.239999999999995,3.2849999999999966,3.4650000000000034,3.405000000000001,,,3.3299999999999983,
2026-01-29,3.2150000000000034,3.2750000000000057,3.2099999999999937,3.2450000000000045,3.450000000000003,3.3900000000000006,,,3.2849999999999966,
2026-01-30,3.180000000000007,3.2450000000000045,3.174999999999997,3.2099999999999937,3.424999999999997,3.364999999999995,,,3.2549999999999955,
2026-02-02,3.230000000000004,3.2849999999999966,3.219999999999999,3.260000000000005,3.4599999999999937,3.4000000000000057,,,3.305000000000007,
2026-02-03,3.2349999999999994,3.2900000000000063,3.2249999999999943,3.2650000000000006,3.469999999999999,3.4099999999999966,,,3.3100000000000023,
2026-02-04,3.2150000000000034,3.280000000000001,3.2099999999999937,3.25,3.4650000000000034,3.405000000000001,,,3.2950000000000017,
2026-02-05,3.1299999999999955,3.194999999999993,3.125,3.1599999999999966,3.385000000000005,3.319999999999993,,,3.200000000000003,
2026-02-06,3.1400000000000006,3.2099999999999937,3.135000000000005,3.1700000000000017,3.4000000000000057,3.3349999999999937,,,3.2150000000000034,
2026-02-09,3.125,3.194999999999993,3.1200000000000045,3.155000000000001,3.385000000000005,3.319999999999993,,,3.194999999999993,
2026-02-10,3.0900000000000034,3.174999999999997,3.094999999999999,3.114999999999995,3.3700000000000045,3.305000000000007,,,3.1500000000000057,
2026-02-11,3.144999999999996,3.2450000000000045,3.1599999999999966,3.1599999999999966,3.450000000000003,3.385000000000005,,,3.194999999999993,
2026-02-12,3.0799999999999983,3.2099999999999937,3.105000000000004,3.0900000000000034,3.4350000000000023,3.364999999999995,3.2950000000000017,,3.114999999999995,
2026-02-13,3.0049999999999955,3.1650000000000063,3.0400000000000063,3.010000000000005,3.4099999999999966,3.3299999999999983,3.260000000000005,,3.0400000000000063,
2026-02-17,3.0349999999999966,3.2099999999999937,3.0799999999999983,3.030000000000001,3.444999999999993,3.364999999999995,3.2950000000000017,,3.049999999999997,
2026-02-18,3.0600000000000023,3.219999999999999,3.0999999999999943,3.0600000000000023,3.450000000000003,3.3700000000000045,3.299999999999997,,3.0799999999999983,
2026-02-19,3.075000000000003,3.2450000000000045,3.1200000000000045,3.069999999999993,3.4749999999999943,3.394999999999996,3.325000000000003,,3.0900000000000034,
2026-02-20,3.0900000000000034,3.269999999999996,3.1400000000000006,3.075000000000003,3.4950000000000045,3.4150000000000063,3.344999999999999,,3.0849999999999937,
2026-02-23,3.030000000000001,3.25,3.0999999999999943,3.0049999999999955,3.4849999999999994,3.405000000000001,3.325000000000003,,3.010000000000005,
2026-02-24,3.0649999999999977,3.2750000000000057,3.1299999999999955,3.0349999999999966,3.5,3.4200000000000017,3.3400000000000034,,3.030000000000001,
2026-02-25,3.0999999999999943,3.299999999999997,3.1599999999999966,3.075000000000003,3.5150000000000006,3.4350000000000023,3.3599999999999994,,3.075000000000003,
2026-02-26,3.069999999999993,3.2849999999999966,3.135000000000005,3.0400000000000063,3.5049999999999955,3.430000000000007,3.355000000000004,,3.0400000000000063,
2026-02-27,2.9749999999999943,3.2249999999999943,3.055000000000007,2.9399999999999977,3.4650000000000034,3.3900000000000006,3.3100000000000023,,2.9399999999999977,
2026-03-02,3.1200000000000045,3.319999999999993,3.1850000000000023,3.0849999999999937,3.519999999999996,3.450000000000003,3.3799999999999955,,3.075000000000003,
2026-03-03,3.155000000000001,3.344999999999999,3.2249999999999943,3.105000000000004,3.530000000000001,3.4650000000000034,3.4000000000000057,,3.0849999999999937,
2026-03-04,3.200000000000003,3.3900000000000006,3.269999999999996,3.155000000000001,3.5600000000000023,3.5,3.4399999999999977,,3.135000000000005,
2026-03-05,3.2750000000000057,3.430000000000007,3.3299999999999983,3.239999999999995,3.5799999999999983,3.519999999999996,3.469999999999999,,3.219999999999999,
2026-03-06,3.2349999999999994,3.375,3.280000000000001,3.200000000000003,3.5349999999999966,3.4749999999999943,3.424999999999997,,3.180000000000007,
2026-03-09,3.2849999999999966,3.424999999999997,3.3349999999999937,3.239999999999995,3.5649999999999977,3.510000000000005,3.4599999999999937,,3.2150000000000034,
2026-03-10,3.2549999999999955,3.4000000000000057,3.305000000000007,3.219999999999999,3.549999999999997,3.4950000000000045,3.444999999999993,,3.2049999999999983,
2026-03-11,3.3400000000000034,3.4650000000000034,3.3900000000000006,3.2950000000000017,3.575000000000003,3.530000000000001,3.489999999999995,,3.2650000000000006,
2026-03-12,3.5150000000000006,3.5799999999999983,3.5349999999999966,3.4749999999999943,3.635000000000005,3.6099999999999994,3.5900000000000034,,3.424999999999997,
2026-03-13,3.4749999999999943,3.5600000000000023,3.5,3.4399999999999977,3.6299999999999955,3.605000000000004,3.5799999999999983,,3.394999999999996,
2026-03-16,3.405000000000001,3.5250000000000057,3.444999999999993,3.3599999999999994,3.6200000000000045,3.5900000000000034,3.5600000000000023,,3.3149999999999977,
2026-03-17,3.394999999999996,3.519999999999996,3.4350000000000023,3.344999999999999,3.625,3.5900000000000034,3.555000000000007,,3.299999999999997,
2026-03-18,3.4849999999999994,3.5900000000000034,3.5250000000000057,3.430000000000007,3.6599999999999966,3.625,3.5999999999999943,,3.3799999999999955,
2026-03-19,3.6599999999999966,3.719999999999999,3.6899999999999977,3.569999999999993,3.719999999999999,3.7099999999999937,3.7049999999999983,,3.469999999999999,
2026-03-20,3.769999999999996,3.7900000000000063,3.7849999999999966,3.680000000000007,3.739999999999995,3.739999999999995,3.7349999999999994,,3.5600000000000023,
2026-03-23,3.6700000000000017,3.7249999999999943,3.6899999999999977,3.5849999999999937,3.7099999999999937,3.7099999999999937,3.7150000000000034,,3.4650000000000034,
2026-03-24,3.7950000000000017,3.819999999999993,3.8149999999999977,3.7099999999999937,3.7549999999999955,3.769999999999996,3.7900000000000063,,3.5849999999999937,
2026-03-25,3.719999999999999,3.7650000000000006,3.75,3.635000000000005,3.7249999999999943,3.739999999999995,3.7549999999999955,,3.519999999999996,
2026-03-26,3.844999999999999,3.8299999999999983,3.8499999999999943,3.769999999999996,3.75,3.7750000000000057,3.799999999999997,,3.6500000000000057,
2026-03-27,3.75,3.760000000000005,3.7650000000000006,3.680000000000007,3.7099999999999937,3.730000000000004,3.75,,3.575000000000003,
2026-03-30,3.644999999999996,3.6899999999999977,3.6700000000000017,3.575000000000003,3.680000000000007,3.6850000000000023,3.6899999999999977,,3.4849999999999994,
2026-03-31,3.614999999999995,3.6650000000000063,3.635000000000005,3.555000000000007,3.6650000000000063,3.6700000000000017,3.6700000000000017,,3.4650000000000034,
2026-04-01,3.605000000000004,3.6650000000000063,3.625,3.555000000000007,3.6700000000000017,3.6700000000000017,3.6700000000000017,,3.480000000000004,
2026-04-02,3.605000000000004,3.6650000000000063,3.6299999999999955,3.555000000000007,3.6599999999999966,3.6599999999999966,3.6599999999999966,,3.480000000000004,
2026-04-03,3.674999999999997,3.7049999999999983,3.6899999999999977,3.625,3.674999999999997,3.680000000000007,3.6899999999999977,,3.5400000000000063,
2026-04-06,3.680000000000007,3.7150000000000034,3.700000000000003,3.6200000000000045,3.6850000000000023,3.6899999999999977,3.700000000000003,,3.5250000000000057,
2026-04-07,3.655000000000001,3.694999999999993,3.6700000000000017,3.5999999999999943,3.680000000000007,3.6850000000000023,3.694999999999993,,3.5150000000000006,
2026-04-08,3.5999999999999943,3.674999999999997,3.6299999999999955,3.5349999999999966,3.680000000000007,3.6850000000000023,3.6850000000000023,,3.4549999999999983,
2026-04-09,3.5799999999999983,3.6599999999999966,3.6099999999999994,3.519999999999996,3.6700000000000017,3.674999999999997,3.6700000000000017,,3.450000000000003,
2026-04-10,3.5999999999999943,3.6700000000000017,3.6299999999999955,3.5450000000000017,3.680000000000007,3.680000000000007,3.674999999999997,3.6650000000000063,3.469999999999999,
2026-04-13,3.5799999999999983,3.655000000000001,3.6099999999999994,3.519999999999996,3.674999999999997,3.674999999999997,3.6650000000000063,3.6500000000000057,3.444999999999993,
2026-04-14,3.555000000000007,3.644999999999996,3.5900000000000034,3.489999999999995,3.674999999999997,3.6700000000000017,3.6599999999999966,3.6400000000000006,3.4099999999999966,
2026-04-15,3.5649999999999977,3.644999999999996,3.5999999999999943,3.5049999999999955,3.674999999999997,3.6700000000000017,3.6599999999999966,3.6299999999999955,3.4350000000000023,
2026-04-16,3.5799999999999983,3.644999999999996,3.605000000000004,3.530000000000001,3.6700000000000017,3.6650000000000063,3.655000000000001,3.6299999999999955,3.4599999999999937,
2026-04-17,3.480000000000004,3.5799999999999983,3.519999999999996,3.424999999999997,3.6500000000000057,3.6299999999999955,3.6099999999999994,3.5649999999999977,3.3599999999999994,
2026-04-20,3.489999999999995,3.5999999999999943,3.5349999999999966,3.4350000000000023,3.6650000000000063,3.644999999999996,3.625,3.5849999999999937,3.3700000000000045,
2026-04-21,3.5799999999999983,3.6400000000000006,3.605000000000004,3.530000000000001,3.6700000000000017,3.655000000000001,3.644999999999996,3.625,3.4599999999999937,
2026-04-22,3.5999999999999943,3.644999999999996,3.6200000000000045,3.549999999999997,3.6650000000000063,3.655000000000001,3.644999999999996,3.6299999999999955,3.480000000000004,
2026-04-23,3.6400000000000006,3.644999999999996,3.6400000000000006,3.605000000000004,3.6650000000000063,3.655000000000001,3.644999999999996,3.6400000000000006,3.530000000000001,
2026-04-24,3.5799999999999983,3.614999999999995,3.5900000000000034,3.549999999999997,3.6599999999999966,3.644999999999996,3.6299999999999955,3.6099999999999994,3.489999999999995,
2026-04-27,3.6099999999999994,3.635000000000005,3.6200000000000045,3.5799999999999983,3.6599999999999966,3.644999999999996,3.635000000000005,3.6299999999999955,3.519999999999996,
2026-04-28,3.6650000000000063,3.6500000000000057,3.655000000000001,3.644999999999996,3.6599999999999966,3.6500000000000057,3.644999999999996,3.644999999999996,3.5849999999999937,
2026-04-29,3.799999999999997,3.6899999999999977,3.7450000000000045,3.7950000000000017,3.674999999999997,3.674999999999997,3.674999999999997,3.7049999999999983,3.719999999999999,
2026-04-30,3.739999999999995,3.6500000000000057,3.6899999999999977,3.730000000000004,3.655000000000001,3.655000000000001,3.655000000000001,3.6650000000000063,3.6650000000000063,
2026-05-01,3.75,3.655000000000001,3.7049999999999983,3.7349999999999994,3.655000000000001,3.655000000000001,3.655000000000001,3.6700000000000017,3.6700000000000017,
2026-05-04,3.8599999999999994,3.7049999999999983,3.7950000000000017,3.844999999999999,3.655000000000001,3.6599999999999966,3.6700000000000017,3.7349999999999994,3.7750000000000057,
2026-05-05,3.8299999999999983,3.6850000000000023,3.769999999999996,3.8149999999999977,3.644999999999996,3.6500000000000057,3.6599999999999966,3.719999999999999,3.75,
2026-05-06,3.7349999999999994,3.6500000000000057,3.700000000000003,3.7150000000000034,3.6400000000000006,3.644999999999996,3.644999999999996,3.6850000000000023,3.655000000000001,
2026-05-07,3.7950000000000017,3.674999999999997,3.739999999999995,3.7849999999999966,3.644999999999996,3.6500000000000057,3.6500000000000057,3.7099999999999937,3.7349999999999994,
2026-05-08,3.75,3.6599999999999966,3.7049999999999983,3.739999999999995,3.6400000000000006,3.644999999999996,3.644999999999996,3.6850000000000023,3.694999999999993,
2026-05-11,3.805000000000007,3.694999999999993,3.75,3.805000000000007,3.6599999999999966,3.6650000000000063,3.6700000000000017,3.719999999999999,3.760000000000005,
2026-05-12,3.875,3.7049999999999983,3.7950000000000017,3.885000000000005,3.655000000000001,3.6650000000000063,3.680000000000007,3.7450000000000045,3.8400000000000034,
2026-05-13,3.864999999999995,3.7150000000000034,3.7950000000000017,3.875,3.6599999999999966,3.6700000000000017,3.6850000000000023,3.7549999999999955,3.8400000000000034,
2026-05-14,3.864999999999995,3.719999999999999,3.799999999999997,3.875,3.655000000000001,3.6700000000000017,3.6850000000000023,3.760000000000005,3.8400000000000034,
2026-05-15,3.969999999999999,3.739999999999995,3.8599999999999994,4.010000000000005,3.6599999999999966,3.674999999999997,3.700000000000003,3.7849999999999966,3.9950000000000045,3.8299999999999983
2026-05-18,3.980000000000004,3.75,3.8700000000000045,4.025000000000006,3.6650000000000063,3.6899999999999977,3.7150000000000034,3.7950000000000017,4.015000000000001,3.8400000000000034
2026-05-19,4.030000000000001,3.780000000000001,3.9150000000000063,4.069999999999993,3.667500000000004,3.7049999999999983,3.739999999999995,3.8299999999999983,4.055000000000007,3.875
2026-05-20,3.924999999999997,3.7349999999999994,3.8400000000000034,3.950000000000003,3.655000000000001,3.694999999999993,3.719999999999999,3.7849999999999966,3.930000000000007,3.819999999999993
2026-05-21,3.9950000000000045,3.7849999999999966,3.9000000000000057,4.015000000000001,3.677499999999995,3.719999999999999,3.75,3.8349999999999937,3.980000000000004,3.8700000000000045
2026-05-22,4.049999999999997,3.8149999999999977,3.950000000000003,4.060000000000002,3.6825000000000045,3.7249999999999943,3.769999999999996,3.8700000000000045,4.015000000000001,3.9099999999999966
2026-05-26,3.944999999999993,3.7650000000000006,3.864999999999995,3.9549999999999983,3.674999999999997,3.7150000000000034,3.7450000000000045,3.8149999999999977,3.9200000000000017,3.8499999999999943
2026-05-27,3.9200000000000017,3.75,3.844999999999999,3.9350000000000023,3.6700000000000017,3.7049999999999983,3.7349999999999994,3.799999999999997,3.905000000000001,3.825000000000003
2026-05-28,3.905000000000001,3.7549999999999955,3.8400000000000034,3.9200000000000017,3.667500000000004,3.700000000000003,3.730000000000004,3.7950000000000017,3.894999999999996,3.819999999999993
2026-05-29,3.9000000000000057,3.7349999999999994,3.8299999999999983,3.9150000000000063,3.6650000000000063,3.694999999999993,3.719999999999999,3.7750000000000057,3.885000000000005,3.805000000000007
2026-06-01,3.9549999999999983,3.7549999999999955,3.864999999999995,3.9749999999999943,3.6650000000000063,3.694999999999993,3.719999999999999,3.799999999999997,3.950000000000003,3.8349999999999937
2026-06-02,3.9599999999999937,3.75,3.864999999999995,3.980000000000004,3.6599999999999966,3.6899999999999977,3.7150000000000034,3.7950000000000017,3.950000000000003,3.8299999999999983
2026-06-03,3.9950000000000045,3.760000000000005,3.8900000000000006,4.025000000000006,3.657499999999999,3.6899999999999977,3.719999999999999,3.8100000000000023,3.9950000000000045,3.8499999999999943
2026-06-04,3.944999999999993,3.739999999999995,3.855000000000004,3.9749999999999943,3.6525000000000034,3.6850000000000023,3.7150000000000034,3.7900000000000063,3.9549999999999983,3.8299999999999983
2026-06-05,4.075000000000003,3.799999999999997,3.9599999999999937,4.105000000000004,3.6650000000000063,3.7049999999999983,3.75,3.864999999999995,4.084999999999994,3.9150000000000063
2026-06-08,4.069999999999993,3.8149999999999977,3.9650000000000034,4.094999999999999,3.6724999999999994,3.7150000000000034,3.760000000000005,3.8799999999999955,4.069999999999993,3.930000000000007
2026-06-09,4.034999999999997,3.7950000000000017,3.9350000000000023,4.055000000000007,3.667500000000004,3.7099999999999937,3.7549999999999955,3.8599999999999994,4.030000000000001,3.9099999999999966
2026-06-10,4.040000000000006,3.7900000000000063,3.9399999999999977,4.064999999999998,3.6650000000000063,3.7099999999999937,3.7549999999999955,3.855000000000004,4.040000000000006,3.905000000000001
2026-06-11,3.9749999999999943,3.7650000000000006,3.8900000000000006,3.9950000000000045,3.6650000000000063,3.7049999999999983,3.7349999999999994,3.825000000000003,3.9650000000000034,3.8599999999999994
2026-06-12,3.9849999999999994,3.760000000000005,3.894999999999996,4.0049999999999955,3.6624999999999943,3.7049999999999983,3.730000000000004,3.819999999999993,3.980000000000004,3.855000000000004
2026-06-15,3.9599999999999937,3.7549999999999955,3.885000000000005,3.969999999999999,3.667500000000004,3.7025000000000006,3.730000000000004,3.8149999999999977,3.950000000000003,3.8499999999999943
2026-06-16,3.9399999999999977,3.760000000000005,3.885000000000005,3.9399999999999977,3.667500000000004,3.7025000000000006,3.730000000000004,3.819999999999993,3.9150000000000063,3.855000000000004
2026-06-17,4.094999999999999,3.864999999999995,4.034999999999997,4.079999999999998,3.700000000000003,3.760000000000005,3.8100000000000023,3.9350000000000023,4.034999999999997,3.9849999999999994
2026-06-18,4.144999999999996,3.9399999999999977,4.094999999999999,4.109999999999999,3.7150000000000034,3.7974999999999994,3.8700000000000045,4.010000000000005,4.040000000000006,4.060000000000002
2026-06-22,4.189999999999998,3.9650000000000034,4.125,4.174999999999997,3.719999999999999,3.802499999999995,3.8799999999999955,4.034999999999997,4.114999999999995,4.084999999999994
2026-06-23,4.174999999999997,3.9599999999999937,4.114999999999995,4.159999999999997,3.717500000000001,,,,4.109999999999999,