date,SR3M2026,SR3N2026,SR3Q2026,SR3U2026,SR3V2026,SR3X2026,SR3Z2026,SR3H2027,SR3M2027,SR3U2027,note
# 月份,26-Jun,26-Jul,26-Aug,26-Sep,26-Oct,26-Nov,26-Dec,27-Mar,27-Jun,27-Sep,
4/13/2025,96.725,,,96.745,,,,96.68,,96.54,from TradingView
4/14/2025,96.735,,,96.765,,,96.73,96.705,96.61,96.57,from TradingView
4/15/2025,96.8,,,96.835,,,96.75,96.775,96.64,96.645,from TradingView
4/16/2025,96.81,,,96.845,,,96.82,96.775,96.71,96.635,from TradingView
4/17/2025,96.81,,,96.845,,,96.825,96.775,96.705,96.635,from TradingView
4/20/2025,96.9,,,96.925,,,,96.82,,96.645,from TradingView
4/21/2025,96.815,,,96.845,,,96.89,96.765,96.73,96.615,from TradingView
4/22/2025,96.725,,,96.75,,,96.82,96.68,96.69,96.555,from TradingView
4/23/2025,96.805,,,96.84,,,96.73,96.77,96.615,96.64,from TradingView
4/24/2025,96.84,,,96.875,,,96.82,96.81,96.705,96.685,from TradingView
4/25/2025,96.84,,,96.875,,,96.855,96.81,96.75,96.685,from TradingView
4/27/2025,96.94,,,96.985,,,,96.91,,96.765,from TradingView
4/28/2025,96.985,,,97.025,,,96.965,96.955,96.84,96.805,from TradingView
4/29/2025,97.025,,,97.06,,,97.005,96.99,96.88,96.845,from TradingView
4/30/2025,96.915,,,96.955,,,97.04,96.91,96.92,96.785,from TradingView
5/1/2025,96.745,,,96.795,,,96.945,96.765,96.85,96.655,from TradingView
5/2/2025,96.745,,,96.795,,,96.795,96.765,96.715,96.655,from TradingView
5/4/2025,96.75,,,96.81,,,,96.78,,96.66,from TradingView
5/5/2025,96.815,,,96.875,,,96.81,96.84,96.725,96.715,from TradingView
5/6/2025,96.82,,,96.885,,,96.875,96.855,96.78,96.735,from TradingView
5/7/2025,96.66,,,96.725,,,96.89,96.695,96.795,96.58,from TradingView
5/8/2025,96.67,,,96.74,,,96.73,96.705,96.64,96.585,from TradingView
5/9/2025,96.67,,,96.74,,,96.745,96.705,96.645,96.585,from TradingView
5/11/2025,96.51,,,96.565,,,,96.54,,96.435,from TradingView
5/12/2025,96.49,,,96.55,,,96.57,96.525,96.49,96.42,from TradingView
5/13/2025,96.435,,,96.5,,,96.555,96.49,96.475,96.385,from TradingView
5/14/2025,96.54,,,96.61,,,96.515,96.595,96.44,96.485,from TradingView
5/15/2025,96.515,,,96.6,,,96.625,96.61,96.54,96.505,from TradingView
5/16/2025,96.515,,,96.6,,,96.63,96.61,96.56,96.505,from TradingView
5/18/2025,96.535,,,96.615,,,,96.62,,96.51,from TradingView
5/19/2025,96.56,,,96.64,,,96.64,96.645,96.57,96.535,from TradingView
5/20/2025,96.51,,,96.585,,,96.665,96.58,96.595,96.45,from TradingView
5/21/2025,96.52,,,96.605,,,96.605,96.62,96.52,96.495,from TradingView
5/22/2025,96.545,,,96.645,,,96.635,96.67,96.565,96.54,from TradingView
5/23/2025,96.545,,,96.645,,,96.685,96.67,96.61,96.54,from TradingView
5/25/2025,96.565,,,96.685,,,,96.735,,96.62,from TradingView
5/27/2025,96.515,,,96.63,,,96.74,96.68,96.685,96.575,from TradingView
5/28/2025,96.58,,,96.69,,,96.685,96.74,96.635,96.63,from TradingView
5/29/2025,96.6,,,96.71,,,96.74,96.755,96.695,96.65,from TradingView
5/30/2025,96.6,,,96.71,,,96.76,96.755,96.71,96.65,from TradingView
6/1/2025,96.565,,,96.67,,,,96.71,,96.605,from TradingView
6/2/2025,96.53,,,96.635,,,96.715,96.685,96.665,96.585,from TradingView
6/3/2025,96.625,,,96.73,,,96.685,96.775,96.645,96.67,from TradingView
6/4/2025,96.58,,,96.675,,,96.775,96.71,96.73,96.605,from TradingView
6/5/2025,96.435,,,96.525,,,96.715,96.555,96.665,96.46,from TradingView
6/6/2025,96.435,,,96.525,,,96.565,96.555,96.515,96.46,from TradingView
6/8/2025,96.48,,,96.58,,,,96.615,,96.505,from TradingView
6/9/2025,96.465,,,96.565,,,96.625,96.605,96.565,96.505,from TradingView
6/10/2025,96.54,,,96.64,,,96.61,96.68,96.565,96.58,from TradingView
6/11/2025,96.59,,,96.695,,,96.685,96.735,96.64,96.63,from TradingView
6/12/2025,96.535,,,96.64,,,96.74,96.675,96.69,96.575,from TradingView
6/13/2025,96.535,,,96.64,,,96.68,96.675,96.63,96.575,from TradingView
6/15/2025,96.52,,,96.635,,,,96.675,,96.57,from TradingView
6/16/2025,96.53,,,96.66,,,96.68,96.72,96.63,96.625,from TradingView
6/17/2025,96.535,,,96.665,,,96.72,96.72,96.68,96.625,from TradingView
6/18/2025,96.58,,,96.71,,,96.72,96.755,96.68,96.66,from TradingView
6/20/2025,96.58,,,96.71,,,96.76,96.755,96.715,96.66,from TradingView
6/22/2025,96.68,,,96.805,,,,96.85,,96.75,from TradingView
6/23/2025,96.715,,,96.84,,,96.855,96.88,96.81,96.78,from TradingView
6/24/2025,96.725,,,96.845,,,96.885,96.88,96.84,96.785,from TradingView
6/25/2025,96.805,,,96.925,,,96.885,96.955,96.84,96.845,from TradingView
6/26/2025,96.785,,,96.9,,,96.965,96.925,96.905,96.815,from TradingView
6/27/2025,96.785,,,96.9,,,96.935,96.925,96.875,96.815,from TradingView
6/29/2025,96.82,,,96.935,,,,96.955,,96.845,from TradingView
6/30/2025,96.75,,,96.865,,,96.97,96.89,96.905,96.785,from TradingView
7/1/2025,96.74,,,96.85,,,96.9,96.87,96.845,96.755,from TradingView
7/2/2025,96.635,,,96.765,,,96.885,96.815,96.82,96.715,from TradingView
7/3/2025,96.625,,,96.755,,,96.82,96.8,96.775,96.695,from TradingView
7/7/2025,96.6,,,96.73,,,96.805,96.775,96.755,96.67,from TradingView
7/8/2025,96.65,,,96.78,,,96.78,96.825,96.73,96.73,from TradingView
7/9/2025,96.64,,,96.765,,,96.83,96.805,96.785,96.715,from TradingView
7/10/2025,96.585,,,96.71,,,96.81,96.765,96.77,96.67,from TradingView
7/11/2025,96.585,,,96.71,,,96.765,96.765,96.725,96.67,from TradingView
7/13/2025,96.6,,,96.725,,,,96.77,,96.675,from TradingView
7/14/2025,96.525,,,96.655,,,96.775,96.71,96.73,96.615,from TradingView
7/15/2025,96.615,,,96.755,,,96.71,96.805,96.67,96.7,from TradingView
7/16/2025,96.56,,,96.705,,,96.81,96.765,96.76,96.675,from TradingView
7/17/2025,96.595,,,96.745,,,96.765,96.815,96.73,96.72,from TradingView
7/18/2025,96.595,,,96.745,,,96.81,96.815,96.78,96.72,from TradingView
7/20/2025,96.62,,,96.78,,,,96.865,,96.78,from TradingView
7/21/2025,96.645,,,96.81,,,96.855,96.9,96.835,96.815,from TradingView
7/22/2025,96.58,,,96.735,,,96.885,96.825,96.87,96.745,from TradingView
7/23/2025,96.52,,,96.675,,,96.81,96.77,96.8,96.7,from TradingView
7/24/2025,96.52,,,96.675,,,96.75,96.78,96.745,96.715,from TradingView
7/25/2025,96.52,,,96.675,,,96.755,96.78,96.76,96.715,from TradingView
7/27/2025,96.505,,,96.655,,,,96.76,,96.695,from TradingView
7/28/2025,96.555,,,96.715,,,96.735,96.83,96.74,96.77,from TradingView
7/29/2025,96.47,,,96.64,,,96.8,96.77,96.815,96.72,from TradingView
7/30/2025,96.43,,,96.615,,,96.735,96.77,96.76,96.725,from TradingView
7/31/2025,96.73,,,96.885,,,96.725,96.975,96.765,96.89,from TradingView
8/1/2025,96.73,,,96.885,,,96.96,96.975,96.945,96.89,from TradingView
8/3/2025,96.755,,,96.91,,,,96.99,,96.91,from TradingView
8/4/2025,96.715,,,96.875,,,96.98,96.97,96.96,96.9,from TradingView
8/5/2025,96.745,,,96.895,,,96.95,96.975,96.95,96.9,from TradingView
8/6/2025,96.7,,,96.845,,,96.965,96.93,96.95,96.865,from TradingView
8/7/2025,96.665,,,96.81,,,96.915,96.89,96.91,96.82,from TradingView
8/8/2025,96.665,,,96.81,,,96.875,96.89,96.865,96.82,from TradingView
8/10/2025,96.67,,,96.815,,,,96.895,,96.825,from TradingView
8/11/2025,96.705,,,96.845,,,96.88,96.915,96.875,96.835,from TradingView
8/12/2025,96.75,,,96.89,,,96.905,96.965,96.89,96.895,from TradingView
8/13/2025,96.685,,,96.835,,,96.95,96.92,96.945,96.85,from TradingView
8/14/2025,96.645,,,96.805,,,96.905,96.9,96.9,96.83,from TradingView
8/15/2025,96.645,,,96.805,,,96.88,96.9,96.88,96.83,from TradingView
8/17/2025,96.63,,,96.785,,,,96.89,,96.82,from TradingView
8/18/2025,96.65,,,96.8,,,96.865,96.9,96.87,96.845,from TradingView
8/19/2025,96.67,,,96.825,,,96.875,96.92,96.89,96.86,from TradingView
8/20/2025,96.615,,,96.78,,,96.9,96.89,96.905,96.83,from TradingView
8/21/2025,96.735,,,96.895,,,96.865,97.0,96.875,96.93,from TradingView
8/22/2025,96.735,,,96.895,,,96.975,97.0,96.98,96.93,from TradingView
8/24/2025,96.685,,,96.85,,,,96.955,,96.9,from TradingView
8/25/2025,96.755,,,96.93,,,96.93,97.025,96.945,96.96,from TradingView
8/26/2025,96.775,,,96.95,,,97.005,97.05,97.005,96.99,from TradingView
8/27/2025,96.745,,,96.925,,,97.03,97.045,97.035,96.995,from TradingView
8/28/2025,96.755,,,96.935,,,97.015,97.055,97.035,97.0,from TradingView
8/29/2025,96.755,,,96.935,,,97.025,97.055,97.04,97.0,from TradingView
8/31/2025,96.715,,,96.885,,,,97.0,,96.95,from TradingView
9/2/2025,96.76,,,96.93,,,96.97,97.04,96.99,96.99,from TradingView
9/3/2025,96.78,,,96.955,,,97.01,97.07,97.03,97.03,from TradingView
9/4/2025,96.885,,,97.04,,,97.04,97.13,97.065,97.075,from TradingView
9/5/2025,96.885,,,97.04,,,97.105,97.13,97.115,97.075,from TradingView
9/7/2025,96.905,,,97.065,,,,97.16,,97.1,from TradingView
9/8/2025,96.83,,,97.0,,,97.135,97.115,97.145,97.07,from TradingView
9/9/2025,96.845,,,97.015,,,97.085,97.125,97.105,97.08,from TradingView
9/10/2025,96.855,,,97.005,,,97.095,97.105,97.115,97.065,from TradingView
9/11/2025,96.825,,,96.975,,,97.08,97.07,97.1,97.02,from TradingView
9/12/2025,96.825,,,96.975,,,97.045,97.07,97.06,97.02,from TradingView
9/14/2025,96.845,,,97.0,,,,97.085,,97.04,from TradingView
9/15/2025,96.875,,,97.035,,,97.065,97.12,97.075,97.07,from TradingView
9/16/2025,96.835,,,96.98,,,97.105,97.05,97.105,96.99,from TradingView
9/17/2025,96.815,,,96.95,,,97.04,97.015,97.03,96.955,from TradingView
9/18/2025,96.79,,,96.93,,,97.005,97.0,96.995,96.94,from TradingView
9/19/2025,96.79,,,96.93,,,96.99,97.0,96.98,96.94,from TradingView
9/21/2025,96.76,,,96.9,,,,96.98,,96.925,from TradingView
9/22/2025,96.765,,,96.91,,,96.965,96.995,96.965,96.945,from TradingView
9/23/2025,96.735,,,96.875,,,96.975,96.96,96.98,96.91,from TradingView
9/24/2025,96.64,,,96.785,,,96.945,96.88,96.945,96.835,from TradingView
9/25/2025,96.665,,,96.805,,,96.86,96.88,96.865,96.825,from TradingView
9/26/2025,96.665,,,96.805,,,96.87,96.88,96.865,96.825,from TradingView
9/28/2025,96.685,,,96.82,,,,96.89,,96.835,from TradingView
9/29/2025,96.715,,,96.85,,,96.88,96.915,96.87,96.865,from TradingView
9/30/2025,96.78,,,96.915,,,96.905,96.975,96.9,96.92,from TradingView
10/1/2025,96.785,,,96.92,,,96.97,96.975,96.955,96.915,from TradingView
10/2/2025,96.755,,,96.895,,,96.97,96.955,96.955,96.89,from TradingView
10/3/2025,96.755,,,96.895,,,96.95,96.955,96.93,96.89,from TradingView
10/5/2025,96.73,,,96.865,,,,96.92,,96.85,from TradingView
10/6/2025,96.74,,,96.885,,,96.92,96.95,96.895,96.88,from TradingView
10/7/2025,96.72,,,96.865,,,96.945,96.925,96.925,96.86,from TradingView
10/8/2025,96.715,,,96.855,,,96.925,96.915,96.9,96.845,from TradingView
10/9/2025,96.805,,,96.95,,,96.915,97.01,96.885,96.945,from TradingView
10/10/2025,96.805,,,96.95,,,97.005,97.01,96.985,96.945,from TradingView
10/12/2025,96.835,,,96.98,,,,97.035,,96.97,from TradingView
10/13/2025,96.84,,,96.99,,,97.035,97.05,97.01,96.985,from TradingView
10/14/2025,96.825,,,96.965,,,97.05,97.025,97.025,96.965,from TradingView
10/15/2025,96.915,,,97.055,,,97.02,97.11,97.005,97.045,from TradingView
10/16/2025,96.875,,,97.02,,,97.11,97.065,97.085,97.0,from TradingView
10/17/2025,96.875,,,97.02,,,97.07,97.065,97.04,97.0,from TradingView
10/19/2025,96.87,,,97.01,,,,97.065,,97.005,from TradingView
10/20/2025,96.875,,,97.02,,,97.065,97.085,97.04,97.03,from TradingView
10/21/2025,96.88,,,97.03,,,97.08,97.095,97.065,97.035,from TradingView
10/22/2025,96.825,,,96.975,,,97.09,97.04,97.075,96.975,from TradingView
10/23/2025,96.82,,,96.965,,,97.035,97.025,97.015,96.96,from TradingView
10/24/2025,96.82,,,96.965,,,97.025,97.025,97.0,96.96,from TradingView
10/26/2025,96.795,,,96.94,,,,97.01,,96.945,from TradingView
10/27/2025,96.79,,,96.935,,,97.005,97.005,96.985,96.95,from TradingView
10/28/2025,96.68,,,96.84,,,97.0,96.93,96.985,96.88,from TradingView
10/29/2025,96.645,,,96.805,,,96.915,96.89,96.915,96.845,from TradingView
10/30/2025,96.64,,,96.805,,,96.875,96.895,96.875,96.85,from TradingView
10/31/2025,96.64,,,96.805,,,96.88,96.895,96.88,96.85,from TradingView
11/2/2025,96.645,,,96.805,,,,96.885,,96.84,from TradingView
11/3/2025,96.665,,,96.82,,,96.875,96.9,96.87,96.855,from TradingView
11/4/2025,96.61,,,96.76,,,96.89,96.84,96.885,96.79,from TradingView
11/5/2025,96.68,,,96.835,,,96.83,96.92,96.82,96.87,from TradingView
11/6/2025,96.69,,,96.84,,,96.91,96.925,96.9,96.88,from TradingView
11/7/2025,96.69,,,96.84,,,96.91,96.925,96.91,96.88,from TradingView
11/9/2025,96.65,,,96.8,,,,96.885,,96.84,from TradingView
11/10/2025,96.695,,,96.85,,,96.87,96.935,96.87,96.89,from TradingView
11/11/2025,96.675,,,96.83,,,96.92,96.915,96.92,96.875,from TradingView
11/12/2025,96.65,,,96.81,,,96.9,96.895,96.9,96.855,from TradingView
11/13/2025,96.625,,,96.785,,,96.88,96.88,96.885,96.835,from TradingView
11/14/2025,96.625,,,96.785,,,96.86,96.88,96.865,96.835,from TradingView
11/16/2025,96.625,,,96.795,,,,96.895,,96.85,from TradingView
11/17/2025,96.66,,,96.83,,,96.875,96.925,96.88,96.885,from TradingView
11/18/2025,96.635,,,96.81,,,96.905,96.915,96.915,96.875,from TradingView
11/19/2025,96.68,,,96.855,,,96.89,96.96,96.905,96.92,from TradingView
11/20/2025,96.715,,,96.895,,,96.935,97.005,96.95,96.965,from TradingView
11/21/2025,96.715,,,96.895,,,96.98,97.005,96.995,96.965,from TradingView
11/23/2025,96.71,,,96.885,,,,97.0,,96.97,from TradingView
11/24/2025,96.73,,,96.915,,,96.97,97.04,96.995,97.01,from TradingView
11/25/2025,96.71,,,96.89,,,97.01,97.01,97.035,96.985,from TradingView
11/26/2025,96.695,,,96.87,,,96.98,96.985,97.005,96.955,from TradingView
11/28/2025,96.695,,,96.87,,,96.955,96.985,96.98,96.955,from TradingView
11/30/2025,96.655,,,96.825,,,,96.925,,96.89,from TradingView
12/1/2025,96.68,,,96.845,,,96.905,96.945,96.915,96.905,from TradingView
12/2/2025,96.705,,,96.87,,,96.925,96.97,96.935,96.93,from TradingView
12/3/2025,96.67,,,96.825,,,96.95,96.915,96.96,96.87,from TradingView
12/4/2025,96.64,,,96.785,,,96.9,96.86,96.9,96.815,from TradingView
12/5/2025,96.64,,,96.785,,,96.85,96.86,96.845,96.815,from TradingView
12/7/2025,96.625,,,96.76,,,,96.82,,96.775,from TradingView
12/8/2025,96.59,,,96.725,,,96.815,96.775,96.805,96.725,from TradingView
12/9/2025,96.635,,,96.77,,,96.775,96.8,96.755,96.74,from TradingView
12/10/2025,96.665,,,96.805,,,96.81,96.85,96.775,96.795,from TradingView
12/11/2025,96.675,,,96.81,,,96.85,96.835,96.83,96.765,from TradingView
12/12/2025,96.675,,,96.81,,,96.845,96.835,96.805,96.765,from TradingView
12/14/2025,96.685,,,96.83,,,,96.87,,96.795,from TradingView
12/15/2025,96.695,,,96.85,,,96.875,96.905,96.84,96.84,from TradingView
12/16/2025,96.7,,,96.855,,,96.905,96.9,96.88,96.825,from TradingView
12/17/2025,96.72,,,96.875,,,96.905,96.93,96.87,96.865,from TradingView
12/18/2025,96.705,,,96.86,,,96.93,96.905,96.905,96.825,from TradingView
12/19/2025,96.705,,,96.86,,,96.91,96.905,96.87,96.825,from TradingView
12/21/2025,96.69,,,96.835,,,,96.865,,96.78,from TradingView
12/22/2025,96.655,,,96.795,,,96.88,96.83,96.83,96.755,from TradingView
12/23/2025,96.67,,,96.815,,,96.84,96.85,96.8,96.77,from TradingView
12/24/2025,96.67,,,96.815,,,96.86,96.85,96.815,96.77,from TradingView
12/25/2025,96.695,,,96.845,,,,96.88,,96.805,from TradingView
12/26/2025,96.695,,,96.845,,,96.89,96.88,96.85,96.805,from TradingView
12/28/2025,96.705,,,96.865,,,,96.91,,96.83,from TradingView
12/29/2025,96.71,,,96.865,,,96.915,96.91,96.875,96.835,from TradingView
12/30/2025,96.69,,,96.845,,,96.915,96.885,96.88,96.805,from TradingView
12/31/2025,96.69,,,96.845,,,96.89,96.885,96.855,96.805,from TradingView
1/1/2026,96.69,,,96.84,,,,96.875,,96.785,from TradingView
1/2/2026,96.69,,,96.84,,,96.885,96.875,96.84,96.785,from TradingView
1/4/2026,96.7,,,96.855,,,,96.9,,96.815,from TradingView
1/5/2026,96.67,,,96.825,,,96.905,96.88,96.865,96.8,from TradingView
1/6/2026,96.67,,,96.83,,,96.88,96.89,96.85,96.82,from TradingView
1/7/2026,96.65,,,96.81,,,96.89,96.865,96.865,96.785,from TradingView
1/8/2026,96.595,,,96.755,,,96.87,96.815,96.835,96.74,from TradingView
1/9/2026,96.595,,,96.755,,,96.815,96.815,96.785,96.74,from TradingView
1/11/2026,96.57,,,96.74,,,,96.81,,96.73,from TradingView
1/12/2026,96.585,,,96.755,,,96.81,96.835,96.78,96.765,from TradingView
1/13/2026,96.595,,,96.77,,,96.83,96.855,96.81,96.79,from TradingView
1/14/2026,96.545,96.59,,96.71,,,96.845,96.78,96.83,96.715,from TradingView
1/15/2026,96.525,96.57,,96.675,,,96.775,96.73,96.755,96.66,from TradingView
1/16/2026,96.525,96.57,,96.675,,,96.735,96.73,96.7,96.66,from TradingView
1/18/2026,96.54,96.585,,96.695,,,,96.74,,96.66,from TradingView
1/20/2026,96.525,96.575,,96.68,,,96.75,96.73,96.705,96.655,from TradingView
1/21/2026,96.515,96.565,,96.665,,,96.735,96.705,96.7,96.635,from TradingView
1/22/2026,96.525,96.575,,96.68,,,96.715,96.725,96.675,96.645,from TradingView
1/23/2026,96.525,96.575,,96.68,,,96.735,96.725,96.69,96.645,from TradingView
1/25/2026,96.53,96.585,,96.69,,,,96.74,,96.66,from TradingView
1/26/2026,96.55,96.61,,96.72,,,96.75,96.77,96.705,96.69,from TradingView
1/27/2026,96.535,96.595,,96.7,,,96.78,96.75,96.735,96.67,from TradingView
1/28/2026,96.55,96.61,,96.725,,,96.76,96.785,96.715,96.715,from TradingView
1/29/2026,96.575,96.635,,96.755,,,96.79,96.82,96.755,96.745,from TradingView
1/30/2026,96.575,96.635,,96.755,,,96.825,96.82,96.79,96.745,from TradingView
2/1/2026,96.54,96.6,,96.715,,,,96.77,,96.695,from TradingView
2/2/2026,96.53,96.59,,96.71,,,96.78,96.765,96.74,96.69,from TradingView
2/3/2026,96.535,96.595,,96.72,,,96.775,96.785,96.735,96.705,from TradingView
2/4/2026,96.615,96.68,,96.805,,,96.79,96.87,96.75,96.8,from TradingView
2/5/2026,96.6,96.665,,96.79,,,96.875,96.86,96.84,96.785,from TradingView
2/6/2026,96.6,96.665,,96.79,,,96.865,96.86,96.83,96.785,from TradingView
2/8/2026,96.615,96.68,,96.805,,,,96.875,,96.805,from TradingView
2/9/2026,96.63,96.695,,96.825,,,96.88,96.91,96.845,96.85,from TradingView
2/10/2026,96.55,96.615,,96.755,,,96.905,96.855,96.885,96.805,from TradingView
2/11/2026,96.565,96.635,96.705,96.79,,,96.84,96.92,96.84,96.885,from TradingView
2/12/2026,96.59,96.67,96.74,96.835,,,96.895,96.995,96.91,96.96,from TradingView
2/13/2026,96.59,96.67,96.74,96.835,,,96.96,96.995,96.99,96.96,from TradingView
2/15/2026,96.555,96.635,96.705,96.79,,,,96.965,,96.95,from TradingView
2/17/2026,96.55,96.63,96.7,96.78,,,96.92,96.94,96.97,96.92,from TradingView
2/18/2026,96.525,96.605,96.675,96.755,,,96.9,96.925,96.94,96.91,from TradingView
2/19/2026,96.505,96.585,96.655,96.73,,,96.88,96.91,96.93,96.915,from TradingView
2/20/2026,96.505,96.585,96.655,96.73,,,96.86,96.91,96.925,96.915,from TradingView
2/22/2026,96.515,96.595,96.675,96.75,,,,96.97,,96.99,from TradingView
2/23/2026,96.5,96.58,96.66,96.725,,,96.9,96.935,96.995,96.97,from TradingView
2/24/2026,96.485,96.565,96.64,96.7,,,96.87,96.9,96.965,96.925,from TradingView
2/25/2026,96.495,96.57,96.645,96.715,,,96.84,96.93,96.925,96.96,from TradingView
2/26/2026,96.535,96.61,96.69,96.775,,,96.865,97.025,96.96,97.06,from TradingView
2/27/2026,96.535,96.61,96.69,96.775,,,96.945,97.025,97.06,97.06,from TradingView
3/1/2026,96.48,96.55,96.62,96.68,,,,96.88,,96.925,from TradingView
3/2/2026,96.47,96.535,96.6,96.655,,,96.815,96.845,96.915,96.915,from TradingView
3/3/2026,96.44,96.5,96.56,96.61,,,96.775,96.8,96.895,96.865,from TradingView
3/4/2026,96.42,96.48,96.53,96.57,,,96.73,96.725,96.845,96.78,from TradingView
3/5/2026,96.465,96.525,96.575,96.625,,,96.67,96.765,96.76,96.82,from TradingView
3/6/2026,96.465,96.525,96.575,96.625,,,96.72,96.765,96.8,96.82,from TradingView
3/8/2026,96.435,96.49,96.54,96.575,,,,96.715,,96.785,from TradingView
3/9/2026,96.45,96.505,96.555,96.6,,,96.665,96.745,96.76,96.795,from TradingView
3/10/2026,96.425,96.47,96.51,96.535,,,96.695,96.66,96.78,96.735,from TradingView
3/11/2026,96.365,96.39,96.41,96.42,,,96.61,96.485,96.705,96.575,from TradingView
3/12/2026,96.37,96.395,96.42,96.44,,,96.465,96.525,96.525,96.605,from TradingView
3/13/2026,96.37,96.395,96.42,96.44,,,96.5,96.525,96.56,96.605,from TradingView
3/15/2026,96.38,96.41,96.44,96.475,,,,96.595,,96.685,from TradingView
3/16/2026,96.375,96.41,96.445,96.48,,,96.555,96.605,96.64,96.7,from TradingView
3/17/2026,96.34,96.375,96.4,96.41,,,96.565,96.515,96.655,96.62,from TradingView
3/18/2026,96.28,96.29,96.295,96.28,,,96.475,96.34,96.57,96.53,from TradingView
3/19/2026,96.26,96.26,96.265,96.21,,,96.31,96.23,96.43,96.44,from TradingView
3/20/2026,96.26,96.26,96.265,96.21,,,96.215,96.23,96.32,96.44,from TradingView
3/22/2026,96.29,96.29,96.285,96.275,,,,96.33,,96.535,from TradingView
3/23/2026,96.245,96.23,96.21,96.18,,,96.31,96.205,96.415,96.415,from TradingView
3/24/2026,96.275,96.26,96.245,96.235,,,96.185,96.28,96.29,96.48,from TradingView
3/25/2026,96.25,96.225,96.2,96.17,,,96.25,96.155,96.365,96.35,from TradingView
3/26/2026,96.29,96.27,96.25,96.24,,,96.15,96.25,96.23,96.425,from TradingView
3/27/2026,96.29,96.27,96.25,96.24,,,96.235,96.25,96.32,96.425,from TradingView
3/29/2026,96.32,96.315,96.31,96.31,,,,96.355,,96.515,from TradingView
3/30/2026,96.335,96.33,96.33,96.335,,,96.33,96.385,96.425,96.535,from TradingView
3/31/2026,96.33,96.33,96.33,96.335,,,96.365,96.395,96.445,96.52,from TradingView
4/1/2026,96.34,96.34,96.34,96.335,,,96.375,96.395,96.445,96.52,from TradingView
4/2/2026,96.325,96.32,96.31,96.295,,,96.37,96.325,96.445,96.46,from TradingView
4/3/2026,96.325,96.32,96.31,96.295,,,96.31,96.325,96.375,96.46,from TradingView
4/5/2026,96.315,96.31,96.3,96.285,,,,96.32,,96.475,from TradingView
4/6/2026,96.32,96.315,96.305,96.305,,,96.3,96.345,96.38,96.485,from TradingView
4/7/2026,96.32,96.315,96.315,96.325,,,96.33,96.4,96.4,96.545,from TradingView
4/8/2026,96.33,96.325,96.33,96.34,,,96.37,96.42,96.465,96.55,from TradingView
4/9/2026,96.32,96.32,96.325,96.33,96.335,,96.39,96.4,96.48,96.53,from TradingView
4/10/2026,96.32,96.32,96.325,96.33,96.335,,96.37,96.4,96.455,96.53,from TradingView
4/12/2026,96.325,96.325,96.335,96.345,96.35,,,96.42,,96.555,from TradingView
4/13/2026,96.325,96.33,96.34,96.355,96.36,,96.39,96.445,96.48,96.59,from TradingView
4/14/2026,96.325,96.33,96.34,96.355,96.37,,96.41,96.435,96.51,96.565,from TradingView
4/15/2026,96.33,96.335,96.345,96.355,96.37,,96.4,96.42,96.495,96.54,from TradingView
4/16/2026,96.35,96.37,96.39,96.42,96.435,,96.395,96.52,96.47,96.64,from TradingView
4/17/2026,96.35,96.37,96.39,96.42,96.435,,96.48,96.52,96.575,96.64,from TradingView
4/19/2026,96.335,96.355,96.375,96.4,96.415,,,96.51,,96.63,from TradingView
4/20/2026,96.33,96.345,96.355,96.36,96.375,,96.465,96.42,96.565,96.54,from TradingView
4/21/2026,96.335,96.345,96.355,96.355,96.37,,96.395,96.4,96.47,96.52,from TradingView
4/22/2026,96.335,96.345,96.355,96.355,96.36,,96.38,96.36,96.45,96.47,from TradingView
4/23/2026,96.34,96.355,96.37,96.385,96.39,,96.36,96.42,96.395,96.51,from TradingView
4/24/2026,96.34,96.355,96.37,96.385,96.39,,96.41,96.42,96.45,96.51,from TradingView
4/26/2026,96.34,96.355,96.365,96.365,96.37,,,96.39,,96.48,from TradingView
4/27/2026,96.34,96.35,96.355,96.35,96.355,,96.38,96.335,96.42,96.415,from TradingView
4/28/2026,96.325,96.325,96.325,96.31,96.295,,96.345,96.2,96.355,96.28,from TradingView
4/29/2026,96.345,96.345,96.345,96.35,96.335,,96.255,96.26,96.205,96.335,from TradingView
4/30/2026,96.345,96.345,96.345,96.345,96.33,,96.31,96.25,96.27,96.33,from TradingView
5/1/2026,96.345,96.345,96.345,96.345,96.33,,96.295,96.25,96.265,96.33,from TradingView
5/3/2026,96.345,96.34,96.33,96.295,96.265,,,96.14,,96.225,from TradingView
5/4/2026,96.355,96.35,96.34,96.315,96.28,,96.205,96.17,96.155,96.25,from TradingView
5/5/2026,96.36,96.355,96.355,96.35,96.315,,96.23,96.265,96.185,96.345,from TradingView
5/6/2026,96.355,96.35,96.35,96.325,96.29,,96.3,96.205,96.285,96.265,from TradingView
5/7/2026,96.36,96.355,96.355,96.34,96.315,,96.26,96.25,96.215,96.305,from TradingView
5/8/2026,96.36,96.355,96.355,96.34,96.315,,96.295,96.25,96.26,96.305,from TradingView
5/10/2026,96.34,96.335,96.33,96.305,96.28,,,96.195,,96.24,from TradingView
5/11/2026,96.345,96.335,96.32,96.295,96.255,,96.25,96.125,96.195,96.16,from TradingView
5/12/2026,96.34,96.33,96.315,96.285,96.245,,96.205,96.135,96.115,96.16,from TradingView
5/13/2026,96.345,96.33,96.315,96.28,96.24,,96.205,96.135,96.125,96.16,from TradingView
5/14/2026,96.34,96.325,96.3,96.26,96.215,96.17,96.2,96.03,96.125,96.005,from TradingView
5/15/2026,96.34,96.325,96.3,96.26,96.215,96.17,96.14,96.03,95.99,96.005,from TradingView
5/17/2026,96.335,96.31,96.285,96.25,96.205,96.16,,96.02,,95.985,from TradingView
5/18/2026,96.3325,96.295,96.26,96.22,96.17,96.125,96.13,95.97,95.975,95.945,from TradingView
5/19/2026,96.345,96.305,96.28,96.265,96.215,96.18,96.085,96.075,95.93,96.07,from TradingView
5/20/2026,96.3225,96.28,96.25,96.215,96.165,96.13,96.16,96.005,96.05,96.02,from TradingView
5/21/2026,96.3175,96.275,96.23,96.185,96.13,96.09,96.1,95.95,95.985,95.985,from TradingView
5/22/2026,96.3175,96.275,96.23,96.185,96.13,96.09,96.05,95.95,95.94,95.985,from TradingView
5/24/2026,96.325,96.285,96.255,96.235,96.185,96.15,,96.055,,96.08,from TradingView
5/26/2026,96.33,96.295,96.265,96.25,96.2,96.175,96.135,96.08,96.045,96.095,from TradingView
5/27/2026,96.3325,96.3,96.27,96.245,96.205,96.18,96.155,96.095,96.065,96.105,from TradingView
5/28/2026,96.335,96.305,96.28,96.265,96.225,96.195,96.16,96.1,96.08,96.115,from TradingView
5/29/2026,96.335,96.305,96.28,96.265,96.225,96.195,96.17,96.1,96.085,96.115,from TradingView
5/31/2026,96.335,96.305,96.28,96.245,96.2,96.165,,96.045,,96.05,from TradingView
6/1/2026,96.34,96.31,96.285,96.25,96.205,96.17,96.135,96.04,96.025,96.05,from TradingView
6/2/2026,96.3425,96.31,96.28,96.24,96.19,96.15,96.135,96.005,96.02,96.005,from TradingView
6/3/2026,96.3475,96.315,96.285,96.26,96.21,96.17,96.11,96.055,95.975,96.045,from TradingView
6/4/2026,96.335,96.295,96.25,96.2,96.135,96.085,96.145,95.925,96.025,95.915,from TradingView
6/5/2026,96.335,96.295,96.25,96.2,96.135,96.085,96.04,95.925,95.895,95.915,from TradingView
6/7/2026,96.3275,96.285,96.24,96.185,96.12,96.07,,95.93,,95.93,from TradingView
6/8/2026,96.3325,96.29,96.245,96.205,96.14,96.09,96.035,95.965,95.905,95.97,from TradingView
6/9/2026,96.335,96.29,96.245,96.21,96.145,96.095,96.065,95.96,95.945,95.96,from TradingView
6/10/2026,96.335,96.295,96.265,96.235,96.175,96.14,96.06,96.025,95.935,96.035,from TradingView
6/11/2026,96.3375,96.295,96.27,96.24,96.18,96.145,96.11,96.015,96.005,96.02,from TradingView
6/12/2026,96.3375,96.295,96.27,96.24,96.18,96.145,96.105,96.015,95.995,96.02,from TradingView
6/14/2026,96.3325,96.2975,96.27,96.245,96.185,96.15,,96.04,,96.05,from TradingView
6/15/2026,96.3325,96.2975,96.27,96.24,96.18,96.145,96.115,96.06,96.03,96.085,from TradingView
6/16/2026,96.3,96.24,96.19,96.135,96.065,96.015,96.115,95.905,96.06,95.965,from TradingView
6/17/2026,96.285,96.2025,96.13,96.06,95.99,95.94,95.965,95.855,95.92,95.96,from TradingView
6/18/2026,96.285,96.1925,96.11,96.035,95.99,95.94,95.875,95.82,95.855,95.925,
6/22/2026,96.2825,96.1975,96.12,96.04,95.965,95.915,95.875,95.82,95.825,95.89,
6/23/2026,96.2825,,,96.04,,,95.885,95.825,95.84,95.89,
6/24/2026,,,,,,,,,,,
